"Chinese","English","Audio 1","Audio 2","Raw Text"
"哥哥们比我强，你还是把公司给哥哥们吧！","My older brothers are stronger than me; you’d better give the company to them!","https://storage.googleapis.com/alley-d0944.appspot.com/Mandarin_Blueprint/LEVEL33-%E5%93%A5%E5%93%A5%E4%BB%AC%E6%AF%94%E6%88%91%E5%BC%BA%EF%BC%8C%E4%BD%A0%E8%BF%98%E6%98%AF%E6%8A%8A%E5%85%AC%E5%8F%B8%E7%BB%99%E5%93%A5%E5%93%A5%E4%BB%AC%E5%90%A7-%E7%94%B7.mp3","https://storage.googleapis.com/alley-d0944.appspot.com/Mandarin_Blueprint/LEVEL33-%E5%93%A5%E5%93%A5%E4%BB%AC%E6%AF%94%E6%88%91%E5%BC%BA%EF%BC%8C%E4%BD%A0%E8%BF%98%E6%98%AF%E6%8A%8A%E5%85%AC%E5%8F%B8%E7%BB%99%E5%93%A5%E5%93%A5%E4%BB%AC%E5%90%A7-%E5%A5%B3.mp3","哥哥们比我强，你还是把公司给哥哥们吧！
My older brothers are stronger than me; you’d better give the company to them!

1. strong

‎

把 bǎ - (preposition used to shift the object to before the verb, which must be accompanied by some other word or expression, often a verb complement)  吧 ba - (particle expressing suggestion)

‎

    


Characters: 强
"
"狼在外面用力地推房子，可是房子一点儿也不动。","The wolf pushed the house hard from outside, but the house didn’t move at all.","https://storage.googleapis.com/alley-d0944.appspot.com/Mandarin_Blueprint/LEVEL33-%E7%8B%BC%E5%9C%A8%E5%A4%96%E9%9D%A2%E7%94%A8%E5%8A%9B%E5%9C%B0%E6%8E%A8%E6%88%BF%E5%AD%90%EF%BC%8C%E5%8F%AF%E6%98%AF%E6%88%BF%E5%AD%90%E4%B8%80%E7%82%B9%E5%84%BF%E4%B9%9F%E4%B8%8D%E5%8A%A8-%E7%94%B7.mp3","https://storage.googleapis.com/alley-d0944.appspot.com/Mandarin_Blueprint/LEVEL33-%E7%8B%BC%E5%9C%A8%E5%A4%96%E9%9D%A2%E7%94%A8%E5%8A%9B%E5%9C%B0%E6%8E%A8%E6%88%BF%E5%AD%90%EF%BC%8C%E5%8F%AF%E6%98%AF%E6%88%BF%E5%AD%90%E4%B8%80%E7%82%B9%E5%84%BF%E4%B9%9F%E4%B8%8D%E5%8A%A8-%E5%A5%B3.mp3","狼在外面用力地推房子，可是房子一点儿也不动。
The wolf pushed the house hard from outside, but the house didn’t move at all.

1. to push

‎

狼 láng - wolf

‎

    


Characters: 推
"
"他欠我钱。","He owes me money.","https://storage.googleapis.com/alley-d0944.appspot.com/Mandarin_Blueprint/LEVEL35-%E4%BB%96%E6%AC%A0%E6%88%91%E9%92%B1-%E7%94%B7.mp3","https://storage.googleapis.com/alley-d0944.appspot.com/Mandarin_Blueprint/LEVEL35-%E4%BB%96%E6%AC%A0%E6%88%91%E9%92%B1-%E5%A5%B3.mp3","他欠我钱。
He owes me money.

1. to owe

‎

‎

    


Characters: 欠
"
"你可以吹气球吗？","Can you blow up the balloon?","https://storage.googleapis.com/alley-d0944.appspot.com/Mandarin_Blueprint/LEVEL35-%E4%BD%A0%E5%8F%AF%E4%BB%A5%E5%90%B9%E6%B0%94%E7%90%83%E5%90%97-%E7%94%B7.mp3","https://storage.googleapis.com/alley-d0944.appspot.com/Mandarin_Blueprint/LEVEL35-%E4%BD%A0%E5%8F%AF%E4%BB%A5%E5%90%B9%E6%B0%94%E7%90%83%E5%90%97-%E5%A5%B3.mp3","你可以吹气球吗？
Can you blow up the balloon?

1. to blow

‎

气球 qìqiú - balloon

‎

    


Characters: 吹
"
"可是狼轻轻一吹，猪大哥的草房就倒了。","But the wolf blew lightly, and the eldest pig’s straw house collapsed.","https://storage.googleapis.com/alley-d0944.appspot.com/Mandarin_Blueprint/LEVEL35-%E5%8F%AF%E6%98%AF%E7%8B%BC%E8%BD%BB%E8%BD%BB%E4%B8%80%E5%90%B9%EF%BC%8C%E7%8C%AA%E5%A4%A7%E5%93%A5%E7%9A%84%E8%8D%89%E6%88%BF%E5%B0%B1%E5%80%92%E4%BA%86-%E7%94%B7.mp3","https://storage.googleapis.com/alley-d0944.appspot.com/Mandarin_Blueprint/LEVEL35-%E5%8F%AF%E6%98%AF%E7%8B%BC%E8%BD%BB%E8%BD%BB%E4%B8%80%E5%90%B9%EF%BC%8C%E7%8C%AA%E5%A4%A7%E5%93%A5%E7%9A%84%E8%8D%89%E6%88%BF%E5%B0%B1%E5%80%92%E4%BA%86-%E5%A5%B3.mp3","可是狼轻轻一吹，猪大哥的草房就倒了。
But the wolf blew lightly, and the eldest pig’s straw house collapsed.

1. to blow

‎

狼 láng - wolf    倒 dǎo - collapse    房 fáng - house

‎

    


Characters: 吹
"
"那首歌真好听。","That song is really nice.","https://storage.googleapis.com/alley-d0944.appspot.com/Mandarin_Blueprint/LEVEL35-%E9%82%A3%E9%A6%96%E6%AD%8C%E7%9C%9F%E5%A5%BD%E5%90%AC-%E7%94%B7.mp3","https://storage.googleapis.com/alley-d0944.appspot.com/Mandarin_Blueprint/LEVEL35-%E9%82%A3%E9%A6%96%E6%AD%8C%E7%9C%9F%E5%A5%BD%E5%90%AC-%E5%A5%B3.mp3","那首歌真好听。
That song is really nice.

1. song

‎

‎

    


Characters: 歌
"
"他一边洗澡，一边唱歌。","He sings while taking a shower.","https://storage.googleapis.com/alley-d0944.appspot.com/Mandarin_Blueprint/LEVEL35-%E4%BB%96%E4%B8%80%E8%BE%B9%E6%B4%97%E6%BE%A1%EF%BC%8C%E4%B8%80%E8%BE%B9%E5%94%B1%E6%AD%8C-%E7%94%B7.mp3","https://storage.googleapis.com/alley-d0944.appspot.com/Mandarin_Blueprint/LEVEL35-%E4%BB%96%E4%B8%80%E8%BE%B9%E6%B4%97%E6%BE%A1%EF%BC%8C%E4%B8%80%E8%BE%B9%E5%94%B1%E6%AD%8C-%E5%A5%B3.mp3","他一边洗澡，一边唱歌。
He sings while taking a shower.

1. to sing

‎

洗澡 xízǎo - shower

‎

    


Characters: 唱


歌
"
"第二位仙女说，祝宝宝的声音和唱歌一样好听。","The second fairy said: “I wish the baby’s voice is as beautiful as their singing.”","https://storage.googleapis.com/alley-d0944.appspot.com/Mandarin_Blueprint/LEVEL35-%E7%AC%AC%E4%BA%8C%E4%BD%8D%E4%BB%99%E5%A5%B3%E8%AF%B4%EF%BC%8C%E7%A5%9D%E5%AE%9D%E5%AE%9D%E7%9A%84%E5%A3%B0%E9%9F%B3%E5%92%8C%E5%94%B1%E6%AD%8C%E4%B8%80%E6%A0%B7%E5%A5%BD%E5%90%AC-%E7%94%B7.mp3","https://storage.googleapis.com/alley-d0944.appspot.com/Mandarin_Blueprint/LEVEL35-%E7%AC%AC%E4%BA%8C%E4%BD%8D%E4%BB%99%E5%A5%B3%E8%AF%B4%EF%BC%8C%E7%A5%9D%E5%AE%9D%E5%AE%9D%E7%9A%84%E5%A3%B0%E9%9F%B3%E5%92%8C%E5%94%B1%E6%AD%8C%E4%B8%80%E6%A0%B7%E5%A5%BD%E5%90%AC-%E5%A5%B3.mp3","第二位仙女说，祝宝宝的声音和唱歌一样好听。
The second fairy said: “I wish the baby’s voice is as beautiful as their singing.”

1. to sing

‎

仙女 xiānnǚ - fairy    祝 zhù - wish, bless, express good wishes

‎

    


Characters: 唱


歌
"
"你的床太软了。","Your bed is too soft.","https://storage.googleapis.com/alley-d0944.appspot.com/Mandarin_Blueprint/LEVEL35-%E4%BD%A0%E7%9A%84%E5%BA%8A%E5%A4%AA%E8%BD%AF%E4%BA%86-%E7%94%B7.mp3","https://storage.googleapis.com/alley-d0944.appspot.com/Mandarin_Blueprint/LEVEL35-%E4%BD%A0%E7%9A%84%E5%BA%8A%E5%A4%AA%E8%BD%AF%E4%BA%86-%E5%A5%B3.mp3","你的床太软了。
Your bed is too soft.

1. soft

‎

‎

    


Characters: 软
"
"你这次来得太晚了。","You came too late this time.","https://storage.googleapis.com/alley-d0944.appspot.com/Mandarin_Blueprint/LEVEL35-%E4%BD%A0%E8%BF%99%E6%AC%A1%E6%9D%A5%E5%BE%97%E5%A4%AA%E6%99%9A%E4%BA%86-%E7%94%B7.mp3","https://storage.googleapis.com/alley-d0944.appspot.com/Mandarin_Blueprint/LEVEL35-%E4%BD%A0%E8%BF%99%E6%AC%A1%E6%9D%A5%E5%BE%97%E5%A4%AA%E6%99%9A%E4%BA%86-%E5%A5%B3.mp3","你这次来得太晚了。
You came too late this time.

1. this time

‎

‎

    


Characters: 次


这
"
"你这次没做对。","You didn’t do it right this time.","https://storage.googleapis.com/alley-d0944.appspot.com/Mandarin_Blueprint/LEVEL35-%E4%BD%A0%E8%BF%99%E6%AC%A1%E6%B2%A1%E5%81%9A%E5%AF%B9-%E7%94%B7.mp3","https://storage.googleapis.com/alley-d0944.appspot.com/Mandarin_Blueprint/LEVEL35-%E4%BD%A0%E8%BF%99%E6%AC%A1%E6%B2%A1%E5%81%9A%E5%AF%B9-%E5%A5%B3.mp3","你这次没做对。
You didn’t do it right this time.

1. this time

‎

‎

    


Characters: 次


这
"
"那次约会，我们吵架了。","On that date, we argued.","https://storage.googleapis.com/alley-d0944.appspot.com/Mandarin_Blueprint/LEVEL35-%E9%82%A3%E6%AC%A1%E7%BA%A6%E4%BC%9A%EF%BC%8C%E6%88%91%E4%BB%AC%E5%90%B5%E6%9E%B6%E4%BA%86-%E7%94%B7.mp3","https://storage.googleapis.com/alley-d0944.appspot.com/Mandarin_Blueprint/LEVEL35-%E9%82%A3%E6%AC%A1%E7%BA%A6%E4%BC%9A%EF%BC%8C%E6%88%91%E4%BB%AC%E5%90%B5%E6%9E%B6%E4%BA%86-%E5%A5%B3.mp3","那次约会，我们吵架了。
On that date, we argued.

1. that time

‎

吵架 chǎojià - to argue noisily

‎

    


Characters: 次


那
"
"这是一次重要的约会。","This is an important date.","https://storage.googleapis.com/alley-d0944.appspot.com/Mandarin_Blueprint/LEVEL35-%E8%BF%99%E6%98%AF%E4%B8%80%E6%AC%A1%E9%87%8D%E8%A6%81%E7%9A%84%E7%BA%A6%E4%BC%9A-%E7%94%B7.mp3","https://storage.googleapis.com/alley-d0944.appspot.com/Mandarin_Blueprint/LEVEL35-%E8%BF%99%E6%98%AF%E4%B8%80%E6%AC%A1%E9%87%8D%E8%A6%81%E7%9A%84%E7%BA%A6%E4%BC%9A-%E5%A5%B3.mp3","这是一次重要的约会。
This is an important date.

1. one time

‎

‎

    


Characters: 次


一（PROP）
"
"有一次，他还救了一个小女孩儿。","Once, he even saved a little girl.","https://storage.googleapis.com/alley-d0944.appspot.com/Mandarin_Blueprint/LEVEL35-%E6%9C%89%E4%B8%80%E6%AC%A1%EF%BC%8C%E4%BB%96%E8%BF%98%E6%95%91%E4%BA%86%E4%B8%80%E4%B8%AA%E5%B0%8F%E5%A5%B3%E5%AD%A9%E5%84%BF-%E7%94%B7.mp3","https://storage.googleapis.com/alley-d0944.appspot.com/Mandarin_Blueprint/LEVEL35-%E6%9C%89%E4%B8%80%E6%AC%A1%EF%BC%8C%E4%BB%96%E8%BF%98%E6%95%91%E4%BA%86%E4%B8%80%E4%B8%AA%E5%B0%8F%E5%A5%B3%E5%AD%A9%E5%84%BF-%E5%A5%B3.mp3","有一次，他还救了一个小女孩儿。
Once, he even saved a little girl.

1. one time

‎

‎







Characters: 次


一（PROP）
"
"你上次聚会没有带女朋友。","You didn’t bring your girlfriend to the last gathering.","https://storage.googleapis.com/alley-d0944.appspot.com/Mandarin_Blueprint/LEVEL35-%E4%BD%A0%E4%B8%8A%E6%AC%A1%E8%81%9A%E4%BC%9A%E6%B2%A1%E6%9C%89%E5%B8%A6%E5%A5%B3%E6%9C%8B%E5%8F%8B-%E7%94%B7.mp3","https://storage.googleapis.com/alley-d0944.appspot.com/Mandarin_Blueprint/LEVEL35-%E4%BD%A0%E4%B8%8A%E6%AC%A1%E8%81%9A%E4%BC%9A%E6%B2%A1%E6%9C%89%E5%B8%A6%E5%A5%B3%E6%9C%8B%E5%8F%8B-%E5%A5%B3.mp3","你上次聚会没有带女朋友。
You didn’t bring your girlfriend to the last gathering.

1. last time

‎

聚会 jùhuì - party, get together

‎

    


Characters: 次


上
"
"下次带你的女朋友一起去唱歌。","Next time, bring your girlfriend to go sing together.","https://storage.googleapis.com/alley-d0944.appspot.com/Mandarin_Blueprint/LEVEL35-%E4%B8%8B%E6%AC%A1%E5%B8%A6%E4%BD%A0%E7%9A%84%E5%A5%B3%E6%9C%8B%E5%8F%8B%E4%B8%80%E8%B5%B7%E5%8E%BB%E5%94%B1%E6%AD%8C-%E7%94%B7.mp3","https://storage.googleapis.com/alley-d0944.appspot.com/Mandarin_Blueprint/LEVEL35-%E4%B8%8B%E6%AC%A1%E5%B8%A6%E4%BD%A0%E7%9A%84%E5%A5%B3%E6%9C%8B%E5%8F%8B%E4%B8%80%E8%B5%B7%E5%8E%BB%E5%94%B1%E6%AD%8C-%E5%A5%B3.mp3","下次带你的女朋友一起去唱歌。
Next time, bring your girlfriend to go sing together.

1. next time

‎

‎

    


Characters: 次


下
"
"今天很高兴认识你，我们下次见。","It’s very nice to meet you today; see you next time.","https://storage.googleapis.com/alley-d0944.appspot.com/Mandarin_Blueprint/LEVEL35-%E4%BB%8A%E5%A4%A9%E5%BE%88%E9%AB%98%E5%85%B4%E8%AE%A4%E8%AF%86%E4%BD%A0%EF%BC%8C%E6%88%91%E4%BB%AC%E4%B8%8B%E6%AC%A1%E8%A7%81-%E7%94%B7.mp3","https://storage.googleapis.com/alley-d0944.appspot.com/Mandarin_Blueprint/LEVEL35-%E4%BB%8A%E5%A4%A9%E5%BE%88%E9%AB%98%E5%85%B4%E8%AE%A4%E8%AF%86%E4%BD%A0%EF%BC%8C%E6%88%91%E4%BB%AC%E4%B8%8B%E6%AC%A1%E8%A7%81-%E5%A5%B3.mp3","今天很高兴认识你，我们下次见。
It’s very nice to meet you today; see you next time.

1. see you next time

‎

‎

    


Characters: 次


见


下
"
"你去年出国几次？","How many times did you go abroad last year?","https://storage.googleapis.com/alley-d0944.appspot.com/Mandarin_Blueprint/LEVEL35-%E4%BD%A0%E5%8E%BB%E5%B9%B4%E5%87%BA%E5%9B%BD%E5%87%A0%E6%AC%A1-%E7%94%B7.mp3","https://storage.googleapis.com/alley-d0944.appspot.com/Mandarin_Blueprint/LEVEL35-%E4%BD%A0%E5%8E%BB%E5%B9%B4%E5%87%BA%E5%9B%BD%E5%87%A0%E6%AC%A1-%E5%A5%B3.mp3","你去年出国几次？
How many times did you go abroad last year?

1. a few times

‎

‎

    


Characters: 次


几
"
"他每次买单都是给现金。","He always pays in cash.","https://storage.googleapis.com/alley-d0944.appspot.com/Mandarin_Blueprint/LEVEL35-%E4%BB%96%E6%AF%8F%E6%AC%A1%E4%B9%B0%E5%8D%95%E9%83%BD%E6%98%AF%E7%BB%99%E7%8E%B0%E9%87%91-%E7%94%B7.mp3","https://storage.googleapis.com/alley-d0944.appspot.com/Mandarin_Blueprint/LEVEL35-%E4%BB%96%E6%AF%8F%E6%AC%A1%E4%B9%B0%E5%8D%95%E9%83%BD%E6%98%AF%E7%BB%99%E7%8E%B0%E9%87%91-%E5%A5%B3.mp3","他每次买单都是给现金。
He always pays in cash.

1. every time

‎

‎

    


Characters: 次


每
"
"因为他聪明有办法，所以每次别的小孩儿有什么问题，都要让他帮忙解决。","Because he is smart and resourceful, whenever other kids have a problem, they ask him to help solve it.","https://storage.googleapis.com/alley-d0944.appspot.com/Mandarin_Blueprint/LEVEL35-%E5%9B%A0%E4%B8%BA%E4%BB%96%E8%81%AA%E6%98%8E%E6%9C%89%E5%8A%9E%E6%B3%95%EF%BC%8C%E6%89%80%E4%BB%A5%E6%AF%8F%E6%AC%A1%E5%88%AB%E7%9A%84%E5%B0%8F%E5%AD%A9%E5%84%BF%E6%9C%89%E4%BB%80%E4%B9%88%E9%97%AE%E9%A2%98-%E7%94%B7.mp3","https://storage.googleapis.com/alley-d0944.appspot.com/Mandarin_Blueprint/LEVEL35-%E5%9B%A0%E4%B8%BA%E4%BB%96%E8%81%AA%E6%98%8E%E6%9C%89%E5%8A%9E%E6%B3%95%EF%BC%8C%E6%89%80%E4%BB%A5%E6%AF%8F%E6%AC%A1%E5%88%AB%E7%9A%84%E5%B0%8F%E5%AD%A9%E5%84%BF%E6%9C%89%E4%BB%80%E4%B9%88%E9%97%AE%E9%A2%98-%E5%A5%B3.mp3","因为他聪明有办法，所以每次别的小孩儿有什么问题，都要让他帮忙解决。
Because he is smart and resourceful, whenever other kids have a problem, they ask him to help solve it.

1. every time

‎

聪明 cōngmíng - clever; smart

‎

    


Characters: 次


每
"
"他喜欢唱歌。","He likes singing.","https://storage.googleapis.com/alley-d0944.appspot.com/Mandarin_Blueprint/LEVEL35-%E4%BB%96%E5%96%9C%E6%AC%A2%E5%94%B1%E6%AD%8C-%E7%94%B7.mp3","https://storage.googleapis.com/alley-d0944.appspot.com/Mandarin_Blueprint/LEVEL35-%E4%BB%96%E5%96%9C%E6%AC%A2%E5%94%B1%E6%AD%8C-%E5%A5%B3.mp3","他喜欢唱歌。
He likes singing.

1. to like, to enjoy

‎

‎

    


Characters: 喜


欢
"
"她很听话，每个人都特别喜欢她。","She is very obedient; everyone likes her very much.","https://storage.googleapis.com/alley-d0944.appspot.com/Mandarin_Blueprint/LEVEL35-%E5%A5%B9%E5%BE%88%E5%90%AC%E8%AF%9D%EF%BC%8C%E6%AF%8F%E4%B8%AA%E4%BA%BA%E9%83%BD%E7%89%B9%E5%88%AB%E5%96%9C%E6%AC%A2%E5%A5%B9-%E7%94%B7.mp3","https://storage.googleapis.com/alley-d0944.appspot.com/Mandarin_Blueprint/LEVEL35-%E5%A5%B9%E5%BE%88%E5%90%AC%E8%AF%9D%EF%BC%8C%E6%AF%8F%E4%B8%AA%E4%BA%BA%E9%83%BD%E7%89%B9%E5%88%AB%E5%96%9C%E6%AC%A2%E5%A5%B9-%E5%A5%B3.mp3","她很听话，每个人都特别喜欢她。
She is very obedient; everyone likes her very much.

1. to like, to enjoy

‎

‎

    


Characters: 喜


欢
"
"花仙子们都很喜欢这个家里的小宝宝。","The flower fairies all like the baby in this house very much.","https://storage.googleapis.com/alley-d0944.appspot.com/Mandarin_Blueprint/LEVEL35-%E8%8A%B1%E4%BB%99%E5%AD%90%E4%BB%AC%E9%83%BD%E5%BE%88%E5%96%9C%E6%AC%A2%E8%BF%99%E4%B8%AA%E5%AE%B6%E9%87%8C%E7%9A%84%E5%B0%8F%E5%AE%9D%E5%AE%9D-%E7%94%B7.mp3","https://storage.googleapis.com/alley-d0944.appspot.com/Mandarin_Blueprint/LEVEL35-%E8%8A%B1%E4%BB%99%E5%AD%90%E4%BB%AC%E9%83%BD%E5%BE%88%E5%96%9C%E6%AC%A2%E8%BF%99%E4%B8%AA%E5%AE%B6%E9%87%8C%E7%9A%84%E5%B0%8F%E5%AE%9D%E5%AE%9D-%E5%A5%B3.mp3","花仙子们都很喜欢这个家里的小宝宝。
The flower fairies all like the baby in this house very much.

1. to like, to enjoy

‎

花仙子 huāxiānzi - flower faery

‎

    


Characters: 喜


欢
"
"不好意思，我忘了告诉你！","Sorry, I forgot to tell you!","https://storage.googleapis.com/alley-d0944.appspot.com/Mandarin_Blueprint/LEVEL34-%E4%B8%8D%E5%A5%BD%E6%84%8F%E6%80%9D%EF%BC%8C%E6%88%91%E5%BF%98%E4%BA%86%E5%91%8A%E8%AF%89%E4%BD%A0-%E7%94%B7.mp3","https://storage.googleapis.com/alley-d0944.appspot.com/Mandarin_Blueprint/LEVEL34-%E4%B8%8D%E5%A5%BD%E6%84%8F%E6%80%9D%EF%BC%8C%E6%88%91%E5%BF%98%E4%BA%86%E5%91%8A%E8%AF%89%E4%BD%A0-%E5%A5%B3.mp3","不好意思，我忘了告诉你！
Sorry, I forgot to tell you!

1. to forget

‎

‎

    


Characters: 忘
"
"我忘记了他的名字, 我希望他不要介意！","I forgot his name; I hope he doesn’t mind!","https://storage.googleapis.com/alley-d0944.appspot.com/Mandarin_Blueprint/LEVEL35-%E6%88%91%E5%BF%98%E8%AE%B0%E4%BA%86%E4%BB%96%E7%9A%84%E5%90%8D%E5%AD%97%2C%20%E6%88%91%E5%B8%8C%E6%9C%9B%E4%BB%96%E4%B8%8D%E8%A6%81%E4%BB%8B%E6%84%8F-%E7%94%B7.mp3","https://storage.googleapis.com/alley-d0944.appspot.com/Mandarin_Blueprint/LEVEL35-%E6%88%91%E5%BF%98%E8%AE%B0%E4%BA%86%E4%BB%96%E7%9A%84%E5%90%8D%E5%AD%97%2C%20%E6%88%91%E5%B8%8C%E6%9C%9B%E4%BB%96%E4%B8%8D%E8%A6%81%E4%BB%8B%E6%84%8F-%E5%A5%B3.mp3","我忘记了他的名字, 我希望他不要介意！
I forgot his name; I hope he doesn’t mind!

1. to forget

‎

希望 xīwàng - to hope; wish for; to desire

‎

    


Characters: 记


忘
"
"你在忙什么？","What are you busy with?","https://storage.googleapis.com/alley-d0944.appspot.com/Mandarin_Blueprint/LEVEL35-%E4%BD%A0%E5%9C%A8%E5%BF%99%E4%BB%80%E4%B9%88-%E7%94%B7.mp3","https://storage.googleapis.com/alley-d0944.appspot.com/Mandarin_Blueprint/LEVEL35-%E4%BD%A0%E5%9C%A8%E5%BF%99%E4%BB%80%E4%B9%88-%E5%A5%B3.mp3","你在忙什么？
What are you busy with?

1. to be busy with

‎

‎

    


Characters: 忙
"
"我最近简直太忙了！","I’ve been extremely busy recently!","https://storage.googleapis.com/alley-d0944.appspot.com/Mandarin_Blueprint/LEVEL35-%E6%88%91%E6%9C%80%E8%BF%91%E7%AE%80%E7%9B%B4%E5%A4%AA%E5%BF%99%E4%BA%86-%E7%94%B7.mp3","https://storage.googleapis.com/alley-d0944.appspot.com/Mandarin_Blueprint/LEVEL35-%E6%88%91%E6%9C%80%E8%BF%91%E7%AE%80%E7%9B%B4%E5%A4%AA%E5%BF%99%E4%BA%86-%E5%A5%B3.mp3","我最近简直太忙了！
I’ve been extremely busy recently!

2. busy

‎

简直 jiǎnzhí - simply (adv.)

‎

    


Characters: 忙
"
"我需要你的帮忙。","I need your help.","https://storage.googleapis.com/alley-d0944.appspot.com/Mandarin_Blueprint/LEVEL35-%E6%88%91%E9%9C%80%E8%A6%81%E4%BD%A0%E7%9A%84%E5%B8%AE%E5%BF%99-%E7%94%B7.mp3","https://storage.googleapis.com/alley-d0944.appspot.com/Mandarin_Blueprint/LEVEL35-%E6%88%91%E9%9C%80%E8%A6%81%E4%BD%A0%E7%9A%84%E5%B8%AE%E5%BF%99-%E5%A5%B3.mp3","我需要你的帮忙。
I need your help.

1. help

‎

需要 xūyào - to need

‎

    


Characters: 忙


帮
"
"我攒了几万块钱。","I’ve saved tens of thousands of yuan.","https://storage.googleapis.com/alley-d0944.appspot.com/Mandarin_Blueprint/LEVEL35-%E6%88%91%E6%94%92%E4%BA%86%E5%87%A0%E4%B8%87%E5%9D%97%E9%92%B1-%E7%94%B7.mp3","https://storage.googleapis.com/alley-d0944.appspot.com/Mandarin_Blueprint/LEVEL35-%E6%88%91%E6%94%92%E4%BA%86%E5%87%A0%E4%B8%87%E5%9D%97%E9%92%B1-%E5%A5%B3.mp3","我攒了几万块钱。
I’ve saved tens of thousands of yuan.

1. 10,000

‎

攒 zǎn - to save up

‎

    


Characters: 万
"
"你的公司在什么地方？","","https://storage.googleapis.com/alley-d0944.appspot.com/Mandarin_Blueprint/LEVEL35-%E4%BD%A0%E7%9A%84%E5%85%AC%E5%8F%B8%E5%9C%A8%E4%BB%80%E4%B9%88%E5%9C%B0%E6%96%B9-%E7%94%B7.mp3","https://storage.googleapis.com/alley-d0944.appspot.com/Mandarin_Blueprint/LEVEL35-%E4%BD%A0%E7%9A%84%E5%85%AC%E5%8F%B8%E5%9C%A8%E4%BB%80%E4%B9%88%E5%9C%B0%E6%96%B9-%E5%A5%B3.mp3","你的公司在什么地方?
Where is your company located?

1. place, a place

‎

‎

    


Characters: 方


地
"
"这个地方只有一个花园和一个房子。","This place only has one garden and one house.","https://storage.googleapis.com/alley-d0944.appspot.com/Mandarin_Blueprint/LEVEL35-%E8%BF%99%E4%B8%AA%E5%9C%B0%E6%96%B9%E5%8F%AA%E6%9C%89%E4%B8%80%E4%B8%AA%E8%8A%B1%E5%9B%AD%E5%92%8C%E4%B8%80%E4%B8%AA%E6%88%BF%E5%AD%90-%E7%94%B7.mp3","https://storage.googleapis.com/alley-d0944.appspot.com/Mandarin_Blueprint/LEVEL35-%E8%BF%99%E4%B8%AA%E5%9C%B0%E6%96%B9%E5%8F%AA%E6%9C%89%E4%B8%80%E4%B8%AA%E8%8A%B1%E5%9B%AD%E5%92%8C%E4%B8%80%E4%B8%AA%E6%88%BF%E5%AD%90-%E5%A5%B3.mp3","这个地方只有一个花园和一个房子。
This place only has one garden and one house.

1. place, a place

‎

房子 fángzi - house

‎

    


Characters: 方


地
"
"这儿说话不方便。","It’s not convenient to talk here.","https://storage.googleapis.com/alley-d0944.appspot.com/Mandarin_Blueprint/LEVEL35-%E8%BF%99%E5%84%BF%E8%AF%B4%E8%AF%9D%E4%B8%8D%E6%96%B9%E4%BE%BF-%E7%94%B7.mp3","https://storage.googleapis.com/alley-d0944.appspot.com/Mandarin_Blueprint/LEVEL35-%E8%BF%99%E5%84%BF%E8%AF%B4%E8%AF%9D%E4%B8%8D%E6%96%B9%E4%BE%BF-%E5%A5%B3.mp3","这儿说话不方便。
It’s not convenient to talk here.

1. convenient

‎

‎

    


Characters: 方


便
"
"微信让生活变得很方便。","WeChat makes life very convenient.","https://storage.googleapis.com/alley-d0944.appspot.com/Mandarin_Blueprint/LEVEL35-%E5%BE%AE%E4%BF%A1%E8%AE%A9%E7%94%9F%E6%B4%BB%E5%8F%98%E5%BE%97%E5%BE%88%E6%96%B9%E4%BE%BF-%E7%94%B7.mp3","https://storage.googleapis.com/alley-d0944.appspot.com/Mandarin_Blueprint/LEVEL35-%E5%BE%AE%E4%BF%A1%E8%AE%A9%E7%94%9F%E6%B4%BB%E5%8F%98%E5%BE%97%E5%BE%88%E6%96%B9%E4%BE%BF-%E5%A5%B3.mp3","微信让生活变得很方便。
WeChat makes life very convenient.

1. convenient

‎

微信 wēixìn - WeChat

‎

    


Characters: 方


便
"
"你有什么好的学习方法？","Do you have any good study methods?","https://storage.googleapis.com/alley-d0944.appspot.com/Mandarin_Blueprint/LEVEL35-%E4%BD%A0%E6%9C%89%E4%BB%80%E4%B9%88%E5%A5%BD%E7%9A%84%E5%AD%A6%E4%B9%A0%E6%96%B9%E6%B3%95-%E7%94%B7.mp3","https://storage.googleapis.com/alley-d0944.appspot.com/Mandarin_Blueprint/LEVEL35-%E4%BD%A0%E6%9C%89%E4%BB%80%E4%B9%88%E5%A5%BD%E7%9A%84%E5%AD%A6%E4%B9%A0%E6%96%B9%E6%B3%95-%E5%A5%B3.mp3","你有什么好的学习方法？
Do you have any good study methods?

1. method

‎

‎

    


Characters: 方


法
"
"他先看了看水缸，然后又看了看周围，他心里想到一个方法来救人。","He first looked at the water tank, then looked around, and thought of a way to save them.","https://storage.googleapis.com/alley-d0944.appspot.com/Mandarin_Blueprint/LEVEL35-%E4%BB%96%E5%85%88%E7%9C%8B%E4%BA%86%E7%9C%8B%E6%B0%B4%E7%BC%B8%EF%BC%8C%E7%84%B6%E5%90%8E%E5%8F%88%E7%9C%8B%E4%BA%86%E7%9C%8B%E5%91%A8%E5%9B%B4-%E7%94%B7.mp3","https://storage.googleapis.com/alley-d0944.appspot.com/Mandarin_Blueprint/LEVEL35-%E4%BB%96%E5%85%88%E7%9C%8B%E4%BA%86%E7%9C%8B%E6%B0%B4%E7%BC%B8%EF%BC%8C%E7%84%B6%E5%90%8E%E5%8F%88%E7%9C%8B%E4%BA%86%E7%9C%8B%E5%91%A8%E5%9B%B4-%E5%A5%B3.mp3","他先看了看水缸，然后又看了看周围，他心里想到一个方法来救人。
He first looked at the water tank, then looked around, and thought of a way to save them.

1. method

‎

水缸 shuǐgāng - water vat  周围 zhōuwéi - around

‎

    


Characters: 方


法
"
"你把杯子放在哪里？","Where did you put the cup?","https://storage.googleapis.com/alley-d0944.appspot.com/Mandarin_Blueprint/LEVEL35-%E4%BD%A0%E6%8A%8A%E6%9D%AF%E5%AD%90%E6%94%BE%E5%9C%A8%E5%93%AA%E9%87%8C-%E7%94%B7.mp3","https://storage.googleapis.com/alley-d0944.appspot.com/Mandarin_Blueprint/LEVEL35-%E4%BD%A0%E6%8A%8A%E6%9D%AF%E5%AD%90%E6%94%BE%E5%9C%A8%E5%93%AA%E9%87%8C-%E5%A5%B3.mp3","你把杯子放在哪里？
Where did you put the cup?

1. to put, to place

‎

把 bǎ - (preposition used to shift the object to before the verb, which must be accompanied by some other word or expression, often a verb complement)

‎

    


Characters: 放
"
"我生日那天，男朋友放下工作给我过生日, 然后他送给我一只船。","On my birthday, my boyfriend put aside work to celebrate my birthday, and then he gave me a boat.","https://storage.googleapis.com/alley-d0944.appspot.com/Mandarin_Blueprint/LEVEL35-%E6%88%91%E7%94%9F%E6%97%A5%E9%82%A3%E5%A4%A9%EF%BC%8C%E7%94%B7%E6%9C%8B%E5%8F%8B%E6%94%BE%E4%B8%8B%E5%B7%A5%E4%BD%9C%E7%BB%99%E6%88%91%E8%BF%87%E7%94%9F%E6%97%A5-%E7%94%B7.mp3","https://storage.googleapis.com/alley-d0944.appspot.com/Mandarin_Blueprint/LEVEL35-%E6%88%91%E7%94%9F%E6%97%A5%E9%82%A3%E5%A4%A9%EF%BC%8C%E7%94%B7%E6%9C%8B%E5%8F%8B%E6%94%BE%E4%B8%8B%E5%B7%A5%E4%BD%9C%E7%BB%99%E6%88%91%E8%BF%87%E7%94%9F%E6%97%A5-%E5%A5%B3.mp3","我生日那天，男朋友放下工作给我过生日, 然后他送给我一只船。
On my birthday, my boyfriend put aside work to celebrate my birthday, and then he gave me a boat.

1. to put down

‎

船 chuán - a boat; vessel; ship

‎

    


Characters: 放


下
"
"你可以把手里的袋子放下。","You can put down the bag in your hand.","https://storage.googleapis.com/alley-d0944.appspot.com/Mandarin_Blueprint/LEVEL35-%E4%BD%A0%E5%8F%AF%E4%BB%A5%E6%8A%8A%E6%89%8B%E9%87%8C%E7%9A%84%E8%A2%8B%E5%AD%90%E6%94%BE%E4%B8%8B-%E7%94%B7.mp3","https://storage.googleapis.com/alley-d0944.appspot.com/Mandarin_Blueprint/LEVEL35-%E4%BD%A0%E5%8F%AF%E4%BB%A5%E6%8A%8A%E6%89%8B%E9%87%8C%E7%9A%84%E8%A2%8B%E5%AD%90%E6%94%BE%E4%B8%8B-%E5%A5%B3.mp3","你可以把手里的袋子放下。
You can put down the bag in your hand.

1. to put down

‎

把 bǎ - (preposition used to shift the object to before the verb, which must be accompanied by some other word or expression, often a verb complement)

‎

    


Characters: 放


下
"
"司马光听到了这个叫声，马上放下手中的书来到花园。","Sima Guang heard this cry, immediately put down the book in his hand, and went to the garden.","https://storage.googleapis.com/alley-d0944.appspot.com/Mandarin_Blueprint/LEVEL35-%E5%8F%B8%E9%A9%AC%E5%85%89%E5%90%AC%E5%88%B0%E4%BA%86%E8%BF%99%E4%B8%AA%E5%8F%AB%E5%A3%B0%EF%BC%8C%E9%A9%AC%E4%B8%8A%E6%94%BE%E4%B8%8B%E6%89%8B%E4%B8%AD%E7%9A%84%E4%B9%A6%E6%9D%A5%E5%88%B0%E8%8A%B1%E5%9B%AD-%E7%94%B7.mp3","https://storage.googleapis.com/alley-d0944.appspot.com/Mandarin_Blueprint/LEVEL35-%E5%8F%B8%E9%A9%AC%E5%85%89%E5%90%AC%E5%88%B0%E4%BA%86%E8%BF%99%E4%B8%AA%E5%8F%AB%E5%A3%B0%EF%BC%8C%E9%A9%AC%E4%B8%8A%E6%94%BE%E4%B8%8B%E6%89%8B%E4%B8%AD%E7%9A%84%E4%B9%A6%E6%9D%A5%E5%88%B0%E8%8A%B1%E5%9B%AD-%E5%A5%B3.mp3","司马光听到了这个叫声，马上放下手中的书来到花园。
Sima Guang heard this cry, immediately put down the book in his hand, and went to the garden.

1. to put down

‎

叫声 jiàoshēng - yell

‎

    


Characters: 放


下
"
"我已经把问题解决了，你可以放心了。","I have already solved the problem; you can rest assured.","https://storage.googleapis.com/alley-d0944.appspot.com/Mandarin_Blueprint/LEVEL35-%E6%88%91%E5%B7%B2%E7%BB%8F%E6%8A%8A%E9%97%AE%E9%A2%98%E8%A7%A3%E5%86%B3%E4%BA%86%EF%BC%8C%E4%BD%A0%E5%8F%AF%E4%BB%A5%E6%94%BE%E5%BF%83%E4%BA%86-%E7%94%B7.mp3","https://storage.googleapis.com/alley-d0944.appspot.com/Mandarin_Blueprint/LEVEL35-%E6%88%91%E5%B7%B2%E7%BB%8F%E6%8A%8A%E9%97%AE%E9%A2%98%E8%A7%A3%E5%86%B3%E4%BA%86%EF%BC%8C%E4%BD%A0%E5%8F%AF%E4%BB%A5%E6%94%BE%E5%BF%83%E4%BA%86-%E5%A5%B3.mp3","我已经把问题解决了，你可以放心了。
I have already solved the problem; you can rest assured.

1. to relax, to not worry

‎

把 bǎ - (preposition used to shift the object to before the verb, which must be accompanied by some other word or expression, often a verb complement)

‎

    


Characters: 放


心
"
"每天放学我就会去运动，比如跑步，运动完了才回家。","Every day after school, I exercise, like running, and only go home after finishing.","https://storage.googleapis.com/alley-d0944.appspot.com/Mandarin_Blueprint/LEVEL35-%E6%AF%8F%E5%A4%A9%E6%94%BE%E5%AD%A6%E6%88%91%E5%B0%B1%E4%BC%9A%E5%8E%BB%E8%BF%90%E5%8A%A8%EF%BC%8C%E6%AF%94%E5%A6%82%E8%B7%91%E6%AD%A5%EF%BC%8C%E8%BF%90%E5%8A%A8%E5%AE%8C%E4%BA%86%E6%89%8D%E5%9B%9E%E5%AE%B6-%E7%94%B7.mp3","https://storage.googleapis.com/alley-d0944.appspot.com/Mandarin_Blueprint/LEVEL35-%E6%AF%8F%E5%A4%A9%E6%94%BE%E5%AD%A6%E6%88%91%E5%B0%B1%E4%BC%9A%E5%8E%BB%E8%BF%90%E5%8A%A8%EF%BC%8C%E6%AF%94%E5%A6%82%E8%B7%91%E6%AD%A5%EF%BC%8C%E8%BF%90%E5%8A%A8%E5%AE%8C%E4%BA%86%E6%89%8D%E5%9B%9E%E5%AE%B6-%E5%A5%B3.mp3","每天放学我就会去运动，比如跑步，运动完了才回家。
Every day after school, I exercise, like running, and only go home after finishing.

to dismiss students at the end of the school day

‎

‎

    


Characters: 放


学
"
"我用所有的钱买了一套房子。","I used all my money to buy a house.","https://storage.googleapis.com/alley-d0944.appspot.com/Mandarin_Blueprint/LEVEL35-%E6%88%91%E7%94%A8%E6%89%80%E6%9C%89%E7%9A%84%E9%92%B1%E4%B9%B0%E4%BA%86%E4%B8%80%E5%A5%97%E6%88%BF%E5%AD%90-%E7%94%B7.mp3","https://storage.googleapis.com/alley-d0944.appspot.com/Mandarin_Blueprint/LEVEL35-%E6%88%91%E7%94%A8%E6%89%80%E6%9C%89%E7%9A%84%E9%92%B1%E4%B9%B0%E4%BA%86%E4%B8%80%E5%A5%97%E6%88%BF%E5%AD%90-%E5%A5%B3.mp3","我用所有的钱买了一套房子。
I used all my money to buy a house.

1. house

‎

套 tào - measure word for sets of things (a house could be thought of as a “set” of rooms)

‎

    


Characters: 子


房
"
"爸爸叫女儿去花园请花仙子们来他们的小房子。","Dad asked his daughter to go to the garden to invite the flower fairies to their small house.","https://storage.googleapis.com/alley-d0944.appspot.com/Mandarin_Blueprint/LEVEL35-%E7%88%B8%E7%88%B8%E5%8F%AB%E5%A5%B3%E5%84%BF%E5%8E%BB%E8%8A%B1%E5%9B%AD%E8%AF%B7%E8%8A%B1%E4%BB%99%E5%AD%90%E4%BB%AC%E6%9D%A5%E4%BB%96%E4%BB%AC%E7%9A%84%E5%B0%8F%E6%88%BF%E5%AD%90-%E7%94%B7.mp3","https://storage.googleapis.com/alley-d0944.appspot.com/Mandarin_Blueprint/LEVEL35-%E7%88%B8%E7%88%B8%E5%8F%AB%E5%A5%B3%E5%84%BF%E5%8E%BB%E8%8A%B1%E5%9B%AD%E8%AF%B7%E8%8A%B1%E4%BB%99%E5%AD%90%E4%BB%AC%E6%9D%A5%E4%BB%96%E4%BB%AC%E7%9A%84%E5%B0%8F%E6%88%BF%E5%AD%90-%E5%A5%B3.mp3","爸爸叫女儿去花园请花仙子们来他们的小房子。
Dad asked his daughter to go to the garden to invite the flower fairies to their small house.

1. house

‎

花仙子 huāxiānzi - flower faery  爸爸 bàba - dad

‎

    


Characters: 子


房
"
"每个人都要自己修房子自己住。","Everyone has to build their own house to live in.","https://storage.googleapis.com/alley-d0944.appspot.com/Mandarin_Blueprint/LEVEL35-%E6%AF%8F%E4%B8%AA%E4%BA%BA%E9%83%BD%E8%A6%81%E8%87%AA%E5%B7%B1%E4%BF%AE%E6%88%BF%E5%AD%90%E8%87%AA%E5%B7%B1%E4%BD%8F-%E7%94%B7.mp3","https://storage.googleapis.com/alley-d0944.appspot.com/Mandarin_Blueprint/LEVEL35-%E6%AF%8F%E4%B8%AA%E4%BA%BA%E9%83%BD%E8%A6%81%E8%87%AA%E5%B7%B1%E4%BF%AE%E6%88%BF%E5%AD%90%E8%87%AA%E5%B7%B1%E4%BD%8F-%E5%A5%B3.mp3","每个人都要自己修房子自己住。
Everyone has to build their own house to live in.

1. house

‎

修 xiū - build

‎

    


Characters: 子


房
"
"猪二哥打算修木房子，然后他搬了很多木头回家。","The second pig planned to build a wooden house, so he carried a lot of wood home.","https://storage.googleapis.com/alley-d0944.appspot.com/Mandarin_Blueprint/LEVEL35-%E7%8C%AA%E4%BA%8C%E5%93%A5%E6%89%93%E7%AE%97%E4%BF%AE%E6%9C%A8%E6%88%BF%E5%AD%90%EF%BC%8C%E7%84%B6%E5%90%8E%E4%BB%96%E6%90%AC%E4%BA%86%E5%BE%88%E5%A4%9A%E6%9C%A8%E5%A4%B4%E5%9B%9E%E5%AE%B6-%E7%94%B7.mp3","https://storage.googleapis.com/alley-d0944.appspot.com/Mandarin_Blueprint/LEVEL35-%E7%8C%AA%E4%BA%8C%E5%93%A5%E6%89%93%E7%AE%97%E4%BF%AE%E6%9C%A8%E6%88%BF%E5%AD%90%EF%BC%8C%E7%84%B6%E5%90%8E%E4%BB%96%E6%90%AC%E4%BA%86%E5%BE%88%E5%A4%9A%E6%9C%A8%E5%A4%B4%E5%9B%9E%E5%AE%B6-%E5%A5%B3.mp3","猪二哥打算修木房子，然后他搬了很多木头回家。
The second pig planned to build a wooden house, so he carried a lot of wood home.

1. house

‎

修 xiū - build  搬 bān - to move; to transport

‎

    


Characters: 子


房
"
"木房子比草房子难修一点，所以猪二哥用了五天时间才修好房子。","Wooden houses are a little harder to build than straw houses, so the second pig took five days to finish building his house.","https://storage.googleapis.com/alley-d0944.appspot.com/Mandarin_Blueprint/LEVEL35-%E6%9C%A8%E6%88%BF%E5%AD%90%E6%AF%94%E8%8D%89%E6%88%BF%E9%9A%BE%E4%BF%AE%E4%B8%80%E7%82%B9-%E7%94%B7.mp3","https://storage.googleapis.com/alley-d0944.appspot.com/Mandarin_Blueprint/LEVEL35-%E6%9C%A8%E6%88%BF%E5%AD%90%E6%AF%94%E8%8D%89%E6%88%BF%E9%9A%BE%E4%BF%AE%E4%B8%80%E7%82%B9-%E5%A5%B3.mp3","木房子比草房子难修一点，所以猪二哥用了五天时间才修好房子。
Wooden houses are a little harder to build than straw houses, so the second pig took five days to finish building his house.

1. house

‎

修 xiū - build

‎

    


Characters: 子


房
"
"猪小弟对他们说：“ 两位哥哥别担心，我家的房子很安全，狼怎么都进不来。”","The little pig said to them: “Don’t worry, brothers; my house is very safe. No wolf can get in.”","https://storage.googleapis.com/alley-d0944.appspot.com/Mandarin_Blueprint/LEVEL35-%E7%8C%AA%E5%B0%8F%E5%BC%9F%E5%AF%B9%E4%BB%96%E4%BB%AC%E8%AF%B4%EF%BC%9A%E2%80%9C%20%E4%B8%A4%E4%BD%8D%E5%93%A5%E5%93%A5%E5%88%AB%E6%8B%85%E5%BF%83-%E7%94%B7.mp3","https://storage.googleapis.com/alley-d0944.appspot.com/Mandarin_Blueprint/LEVEL35-%E7%8C%AA%E5%B0%8F%E5%BC%9F%E5%AF%B9%E4%BB%96%E4%BB%AC%E8%AF%B4%EF%BC%9A%E2%80%9C%20%E4%B8%A4%E4%BD%8D%E5%93%A5%E5%93%A5%E5%88%AB%E6%8B%85%E5%BF%83-%E5%A5%B3.mp3","猪小弟对他们说：“ 两位哥哥别担心，我家的房子很安全，狼怎么都进不来。”
The little pig said to them: “Don’t worry, brothers; my house is very safe. No wolf can get in.”

1. house

‎

狼 láng - wolf

‎

    


Characters: 子


房
"
"这套房子有三个房间。","This house has three rooms.","https://storage.googleapis.com/alley-d0944.appspot.com/Mandarin_Blueprint/LEVEL35-%E8%BF%99%E5%A5%97%E6%88%BF%E5%AD%90%E6%9C%89%E4%B8%89%E4%B8%AA%E6%88%BF%E9%97%B4-%E7%94%B7.mp3","https://storage.googleapis.com/alley-d0944.appspot.com/Mandarin_Blueprint/LEVEL35-%E8%BF%99%E5%A5%97%E6%88%BF%E5%AD%90%E6%9C%89%E4%B8%89%E4%B8%AA%E6%88%BF%E9%97%B4-%E5%A5%B3.mp3","这套房子有三个房间。
This house has three rooms.

1. room

‎

套 tào - measure word for sets of things (a house could be thought of as a “set” of rooms)

‎

    


Characters: 间


房
"
"三天过了，美女回到男人的房间问他：“你想好了吗？”","Three days passed; the beautiful woman returned to the man’s room and asked him: “Have you decided?”","https://storage.googleapis.com/alley-d0944.appspot.com/Mandarin_Blueprint/LEVEL35-%E4%B8%89%E5%A4%A9%E8%BF%87%E4%BA%86%EF%BC%8C%E7%BE%8E%E5%A5%B3%E5%9B%9E%E5%88%B0%E7%94%B7%E4%BA%BA%E7%9A%84%E6%88%BF%E9%97%B4%E9%97%AE%E4%BB%96-%E7%94%B7.mp3","https://storage.googleapis.com/alley-d0944.appspot.com/Mandarin_Blueprint/LEVEL35-%E4%B8%89%E5%A4%A9%E8%BF%87%E4%BA%86%EF%BC%8C%E7%BE%8E%E5%A5%B3%E5%9B%9E%E5%88%B0%E7%94%B7%E4%BA%BA%E7%9A%84%E6%88%BF%E9%97%B4%E9%97%AE%E4%BB%96-%E5%A5%B3.mp3","三天过了，美女回到男人的房间问他：“你想好了吗？”
Three days passed; the beautiful woman returned to the man’s room and asked him: “Have you decided?”

1. room

‎

‎

    


Characters: 间


房
"
"今天早上房东来收房租。","This morning, the landlord came to collect the rent.","https://storage.googleapis.com/alley-d0944.appspot.com/Mandarin_Blueprint/LEVEL35-%E4%BB%8A%E5%A4%A9%E6%97%A9%E4%B8%8A%E6%88%BF%E4%B8%9C%E6%9D%A5%E6%94%B6%E6%88%BF%E7%A7%9F-%E7%94%B7.mp3","https://storage.googleapis.com/alley-d0944.appspot.com/Mandarin_Blueprint/LEVEL35-%E4%BB%8A%E5%A4%A9%E6%97%A9%E4%B8%8A%E6%88%BF%E4%B8%9C%E6%9D%A5%E6%94%B6%E6%88%BF%E7%A7%9F-%E5%A5%B3.mp3","今天早上房东来收房租。
This morning, the landlord came to collect the rent.

1. landlord

‎

房租 fángzū - rent money

‎

    


Characters: 房


东
"
"给他发电子邮件吧。","Send him an email.","https://storage.googleapis.com/alley-d0944.appspot.com/Mandarin_Blueprint/LEVEL35-%E7%BB%99%E4%BB%96%E5%8F%91%E7%94%B5%E5%AD%90%E9%82%AE%E4%BB%B6%E5%90%A7-%E7%94%B7.mp3","https://storage.googleapis.com/alley-d0944.appspot.com/Mandarin_Blueprint/LEVEL35-%E7%BB%99%E4%BB%96%E5%8F%91%E7%94%B5%E5%AD%90%E9%82%AE%E4%BB%B6%E5%90%A7-%E5%A5%B3.mp3","给他发电子邮件吧。
Send him an email.

1. (particle expressing suggestion)

‎

电子邮件 diànzǐyóujiàn - email

‎

    


Characters: 吧
"
"小红帽点点头说：“放心吧！妈妈！”","Little Red Riding Hood nodded and said: “Don’t worry, Mom!”","https://storage.googleapis.com/alley-d0944.appspot.com/Mandarin_Blueprint/LEVEL35-%E5%B0%8F%E7%BA%A2%E5%B8%BD%E7%82%B9%E7%82%B9%E5%A4%B4%E8%AF%B4%EF%BC%9A%E6%94%BE%E5%BF%83%E5%90%A7%EF%BC%81%E5%A6%88%E5%A6%88-%E7%94%B7.mp3","https://storage.googleapis.com/alley-d0944.appspot.com/Mandarin_Blueprint/LEVEL35-%E5%B0%8F%E7%BA%A2%E5%B8%BD%E7%82%B9%E7%82%B9%E5%A4%B4%E8%AF%B4%EF%BC%9A%E6%94%BE%E5%BF%83%E5%90%A7%EF%BC%81%E5%A6%88%E5%A6%88-%E5%A5%B3.mp3","小红帽点点头说：“放心吧！妈妈！”
Little Red Riding Hood nodded and said: “Don’t worry, Mom!”

1. (particle expressing suggestion)

‎

小红帽 xiǎohóngmào - little red riding hood

‎

    


Characters: 吧
"
"你已经吃饭了吧？如果没有，冰箱里还有吃的.","You’ve already eaten, right? If not, there’s food in the fridge.","https://storage.googleapis.com/alley-d0944.appspot.com/Mandarin_Blueprint/LEVEL35-%E4%BD%A0%E5%B7%B2%E7%BB%8F%E5%90%83%E9%A5%AD%E4%BA%86%E5%90%A7%EF%BC%9F%E5%A6%82%E6%9E%9C%E6%B2%A1%E6%9C%89%EF%BC%8C%E5%86%B0%E7%AE%B1%E9%87%8C%E8%BF%98%E6%9C%89%E5%90%83%E7%9A%84-%E7%94%B7.mp3","https://storage.googleapis.com/alley-d0944.appspot.com/Mandarin_Blueprint/LEVEL35-%E4%BD%A0%E5%B7%B2%E7%BB%8F%E5%90%83%E9%A5%AD%E4%BA%86%E5%90%A7%EF%BC%9F%E5%A6%82%E6%9E%9C%E6%B2%A1%E6%9C%89%EF%BC%8C%E5%86%B0%E7%AE%B1%E9%87%8C%E8%BF%98%E6%9C%89%E5%90%83%E7%9A%84-%E5%A5%B3.mp3","你已经吃饭了吧？如果没有，冰箱里还有吃的.
You’ve already eaten, right? If not, there’s food in the fridge.

2. (indicating a leading question which asks for confirmation of a guess)

‎

冰箱 bīngxiāng - refrigerator

‎

    


Characters: 吧
"
"老板把他骂哭了。","The boss scolded him until he cried.","https://storage.googleapis.com/alley-d0944.appspot.com/Mandarin_Blueprint/LEVEL35-%E8%80%81%E6%9D%BF%E6%8A%8A%E4%BB%96%E9%AA%82%E5%93%AD%E4%BA%86-%E7%94%B7.mp3","https://storage.googleapis.com/alley-d0944.appspot.com/Mandarin_Blueprint/LEVEL35-%E8%80%81%E6%9D%BF%E6%8A%8A%E4%BB%96%E9%AA%82%E5%93%AD%E4%BA%86-%E5%A5%B3.mp3","老板把他骂哭了。
The boss scolded him until he cried.

1. (preposition used to shift the object to before the verb, which must be accompanied by some other word or expression, often a verb complement)

‎

老板 lǎobǎn - boss, one's boss, the boss of a place

‎

    


Characters: 把
"
"很快就把地上的石头都搬到了称上去。","Very quickly, they moved all the stones on the ground onto the scale.","https://storage.googleapis.com/alley-d0944.appspot.com/Mandarin_Blueprint/LEVEL35-%E5%BE%88%E5%BF%AB%E5%B0%B1%E6%8A%8A%E5%9C%B0%E4%B8%8A%E7%9A%84%E7%9F%B3%E5%A4%B4%E9%83%BD%E6%90%AC%E5%88%B0%E4%BA%86%E7%A7%B0%E4%B8%8A%E5%8E%BB-%E7%94%B7.mp3","https://storage.googleapis.com/alley-d0944.appspot.com/Mandarin_Blueprint/LEVEL35-%E5%BE%88%E5%BF%AB%E5%B0%B1%E6%8A%8A%E5%9C%B0%E4%B8%8A%E7%9A%84%E7%9F%B3%E5%A4%B4%E9%83%BD%E6%90%AC%E5%88%B0%E4%BA%86%E7%A7%B0%E4%B8%8A%E5%8E%BB-%E5%A5%B3.mp3","很快就把地上的石头都搬到了称上去。
Very quickly, they moved all the stones on the ground onto the scale.

1. (preposition used to shift the object to before the verb, which must be accompanied by some other word or expression, often a verb complement)

‎

搬 bān - to move; to transport  称 chèng - balance scale

‎

    


Characters: 把
"
"小女孩儿想把桌子拿起来好好看看。","The little girl wanted to pick up the table and look at it carefully.","https://storage.googleapis.com/alley-d0944.appspot.com/Mandarin_Blueprint/LEVEL35-%E5%B0%8F%E5%A5%B3%E5%AD%A9%E5%84%BF%E6%83%B3%E6%8A%8A%E6%A1%8C%E5%AD%90%E6%8B%BF%E8%B5%B7%E6%9D%A5%E5%A5%BD%E5%A5%BD%E7%9C%8B%E7%9C%8B-%E7%94%B7.mp3","https://storage.googleapis.com/alley-d0944.appspot.com/Mandarin_Blueprint/LEVEL35-%E5%B0%8F%E5%A5%B3%E5%AD%A9%E5%84%BF%E6%83%B3%E6%8A%8A%E6%A1%8C%E5%AD%90%E6%8B%BF%E8%B5%B7%E6%9D%A5%E5%A5%BD%E5%A5%BD%E7%9C%8B%E7%9C%8B-%E5%A5%B3.mp3","小女孩儿想把桌子拿起来好好看看。
The little girl wanted to pick up the table and look at it carefully.

1. (preposition used to shift the object to before the verb, which must be accompanied by some other word or expression, often a verb complement)

‎

‎

    


Characters: 把
"
"她的爸爸妈妈把家里所有的桌子都扔了。","Her parents threw away all the tables in the house.","https://storage.googleapis.com/alley-d0944.appspot.com/Mandarin_Blueprint/LEVEL35-%E5%A5%B9%E7%9A%84%E7%88%B8%E7%88%B8%E5%A6%88%E5%A6%88%E6%8A%8A%E5%AE%B6%E9%87%8C%E6%89%80%E6%9C%89%E7%9A%84%E6%A1%8C%E5%AD%90%E9%83%BD%E6%89%94%E4%BA%86-%E7%94%B7.mp3","https://storage.googleapis.com/alley-d0944.appspot.com/Mandarin_Blueprint/LEVEL35-%E5%A5%B9%E7%9A%84%E7%88%B8%E7%88%B8%E5%A6%88%E5%A6%88%E6%8A%8A%E5%AE%B6%E9%87%8C%E6%89%80%E6%9C%89%E7%9A%84%E6%A1%8C%E5%AD%90%E9%83%BD%E6%89%94%E4%BA%86-%E5%A5%B3.mp3","她的爸爸妈妈把家里所有的桌子都扔了。
Her parents threw away all the tables in the house.

1. (preposition used to shift the object to before the verb, which must be accompanied by some other word or expression, often a verb complement)

‎

爸爸 bàba - dad

‎

    


Characters: 把
"
"花仙子们让女孩儿的父母把她放在花园里，让日月来给她营养。","The flower fairies asked the girl’s parents to place her in the garden and let the sun and moon provide her with nutrients.","https://storage.googleapis.com/alley-d0944.appspot.com/Mandarin_Blueprint/LEVEL35-%E8%8A%B1%E4%BB%99%E5%AD%90%E4%BB%AC%E8%AE%A9%E5%A5%B3%E5%AD%A9%E5%84%BF%E7%9A%84%E7%88%B6%E6%AF%8D%E6%8A%8A%E5%A5%B9%E6%94%BE%E5%9C%A8%E8%8A%B1%E5%9B%AD%E9%87%8C-%E7%94%B7.mp3","https://storage.googleapis.com/alley-d0944.appspot.com/Mandarin_Blueprint/LEVEL35-%E8%8A%B1%E4%BB%99%E5%AD%90%E4%BB%AC%E8%AE%A9%E5%A5%B3%E5%AD%A9%E5%84%BF%E7%9A%84%E7%88%B6%E6%AF%8D%E6%8A%8A%E5%A5%B9%E6%94%BE%E5%9C%A8%E8%8A%B1%E5%9B%AD%E9%87%8C-%E5%A5%B3.mp3","花仙子们让女孩儿的父母把她放在花园里，让日月来给她营养。
The flower fairies asked the girl’s parents to place her in the garden and let the sun and moon provide her with nutrients.

1. (preposition used to shift the object to before the verb, which must be accompanied by some other word or expression, often a verb complement)

‎

花仙子 huāxiānzi - flower faery    营养 yíngyǎng - nutrition    日月 rìyuè - sun and moon

‎

    


Characters: 把
"
"小红帽说：” 奶奶，你把手给我。”","Little Red Riding Hood said: “Grandma, give me your hand.”","https://storage.googleapis.com/alley-d0944.appspot.com/Mandarin_Blueprint/LEVEL35-%E5%B0%8F%E7%BA%A2%E5%B8%BD%E8%AF%B4%EF%BC%9A%E2%80%9D%20%E5%A5%B6%E5%A5%B6%EF%BC%8C%E4%BD%A0%E6%8A%8A%E6%89%8B%E7%BB%99%E6%88%91%E3%80%82%E2%80%9D-%E7%94%B7.mp3","https://storage.googleapis.com/alley-d0944.appspot.com/Mandarin_Blueprint/LEVEL35-%E5%B0%8F%E7%BA%A2%E5%B8%BD%E8%AF%B4%EF%BC%9A%E2%80%9D%20%E5%A5%B6%E5%A5%B6%EF%BC%8C%E4%BD%A0%E6%8A%8A%E6%89%8B%E7%BB%99%E6%88%91%E3%80%82%E2%80%9D-%E5%A5%B3.mp3","小红帽说：” 奶奶，你把手给我。”
Little Red Riding Hood said: “Grandma, give me your hand.”

1. (preposition used to shift the object to before the verb, which must be accompanied by some other word or expression, often a verb complement)

‎

小红帽 xiǎohóngmào - little red riding hood

‎

    


Characters: 把
"
"等他把所有的花都拔好后，他就累得说不出话，回房睡觉去了。","After he had pulled out all the flowers, he was so tired he couldn’t speak and went back to his room to sleep.","https://storage.googleapis.com/alley-d0944.appspot.com/Mandarin_Blueprint/LEVEL35-%E7%AD%89%E4%BB%96%E6%8A%8A%E6%89%80%E6%9C%89%E7%9A%84%E8%8A%B1%E9%83%BD%E6%8B%94%E5%A5%BD%E5%90%8E%EF%BC%8C%E4%BB%96%E5%B0%B1%E7%B4%AF%E5%BE%97%E8%AF%B4%E4%B8%8D%E5%87%BA%E8%AF%9D-%E7%94%B7.mp3","https://storage.googleapis.com/alley-d0944.appspot.com/Mandarin_Blueprint/LEVEL35-%E7%AD%89%E4%BB%96%E6%8A%8A%E6%89%80%E6%9C%89%E7%9A%84%E8%8A%B1%E9%83%BD%E6%8B%94%E5%A5%BD%E5%90%8E%EF%BC%8C%E4%BB%96%E5%B0%B1%E7%B4%AF%E5%BE%97%E8%AF%B4%E4%B8%8D%E5%87%BA%E8%AF%9D-%E5%A5%B3.mp3","等他把所有的花都拔好后，他就累得说不出话，回房睡觉去了。
After he had pulled out all the flowers, he was so tired he couldn’t speak and went back to his room to sleep.

1. (preposition used to shift the object to before the verb, which must be accompanied by some other word or expression, often a verb complement)

‎

拔 bá - pull out  睡觉 shuìjiào - sleep

‎

    


Characters: 把
"
"儿子很有信心，他把种子放进土里，然后浇了点水，就回去睡觉了。","The son was very confident; he put the seeds into the soil, watered them a little, and then went back to sleep.","https://storage.googleapis.com/alley-d0944.appspot.com/Mandarin_Blueprint/LEVEL35-%E5%84%BF%E5%AD%90%E5%BE%88%E6%9C%89%E4%BF%A1%E5%BF%83%EF%BC%8C%E4%BB%96%E6%8A%8A%E7%A7%8D%E5%AD%90%E6%94%BE%E8%BF%9B%E5%9C%9F%E9%87%8C%EF%BC%8C%E7%84%B6%E5%90%8E%E6%B5%87%E4%BA%86%E7%82%B9%E6%B0%B4-%E7%94%B7.mp3","https://storage.googleapis.com/alley-d0944.appspot.com/Mandarin_Blueprint/LEVEL35-%E5%84%BF%E5%AD%90%E5%BE%88%E6%9C%89%E4%BF%A1%E5%BF%83%EF%BC%8C%E4%BB%96%E6%8A%8A%E7%A7%8D%E5%AD%90%E6%94%BE%E8%BF%9B%E5%9C%9F%E9%87%8C%EF%BC%8C%E7%84%B6%E5%90%8E%E6%B5%87%E4%BA%86%E7%82%B9%E6%B0%B4-%E5%A5%B3.mp3","儿子很有信心，他把种子放进土里，然后浇了点水，就回去睡觉了。
The son was very confident; he put the seeds into the soil, watered them a little, and then went back to sleep.

1. (preposition used to shift the object to before the verb, which must be accompanied by some other word or expression, often a verb complement)

‎

浇 jiāo - water  睡觉 shuìjiào - sleep

‎

    


Characters: 把
"
"大儿子手里的是一朵白色的花，和雪那样白，非常好看。","The eldest son held a white flower in his hand as white as snow and very beautiful.","https://storage.googleapis.com/alley-d0944.appspot.com/Mandarin_Blueprint/LEVEL35-%E5%A4%A7%E5%84%BF%E5%AD%90%E6%89%8B%E9%87%8C%E7%9A%84%E6%98%AF%E4%B8%80%E6%9C%B5%E7%99%BD%E8%89%B2%E7%9A%84%E8%8A%B1-%E7%94%B7.mp3","https://storage.googleapis.com/alley-d0944.appspot.com/Mandarin_Blueprint/LEVEL35-%E5%A4%A7%E5%84%BF%E5%AD%90%E6%89%8B%E9%87%8C%E7%9A%84%E6%98%AF%E4%B8%80%E6%9C%B5%E7%99%BD%E8%89%B2%E7%9A%84%E8%8A%B1-%E5%A5%B3.mp3","大儿子手里的是一朵白色的花，和雪那样白，非常好看。
The eldest son held a white flower in his hand as white as snow and very beautiful.

1. white

‎

朵 duǒ - measure word for flowers and clouds

‎

    


Characters: 色


白
"
"奶奶的头发已经变成白色的了。","Grandma’s hair has already turned white.","https://storage.googleapis.com/alley-d0944.appspot.com/Mandarin_Blueprint/LEVEL35-%E5%A5%B6%E5%A5%B6%E7%9A%84%E5%A4%B4%E5%8F%91%E5%B7%B2%E7%BB%8F%E5%8F%98%E6%88%90%E7%99%BD%E8%89%B2%E7%9A%84%E4%BA%86-%E7%94%B7.mp3","https://storage.googleapis.com/alley-d0944.appspot.com/Mandarin_Blueprint/LEVEL35-%E5%A5%B6%E5%A5%B6%E7%9A%84%E5%A4%B4%E5%8F%91%E5%B7%B2%E7%BB%8F%E5%8F%98%E6%88%90%E7%99%BD%E8%89%B2%E7%9A%84%E4%BA%86-%E5%A5%B3.mp3","奶奶的头发已经变成白色的了。
Grandma’s hair has already turned white.

1. white

‎

‎

    


Characters: 色


白
"
"她今天穿着一件漂亮的红色大衣。","She is wearing a beautiful red coat today.","https://storage.googleapis.com/alley-d0944.appspot.com/Mandarin_Blueprint/LEVEL35-%E5%A5%B9%E4%BB%8A%E5%A4%A9%E7%A9%BF%E7%9D%80%E4%B8%80%E4%BB%B6%E6%BC%82%E4%BA%AE%E7%9A%84%E7%BA%A2%E8%89%B2%E5%A4%A7%E8%A1%A3-%E7%94%B7.mp3","https://storage.googleapis.com/alley-d0944.appspot.com/Mandarin_Blueprint/LEVEL35-%E5%A5%B9%E4%BB%8A%E5%A4%A9%E7%A9%BF%E7%9D%80%E4%B8%80%E4%BB%B6%E6%BC%82%E4%BA%AE%E7%9A%84%E7%BA%A2%E8%89%B2%E5%A4%A7%E8%A1%A3-%E5%A5%B3.mp3","她今天穿着一件漂亮的红色大衣。
She is wearing a beautiful red coat today.

1. red

‎

漂亮 piàoliang - beautiful

‎

    


Characters: 色


红
"
"二儿子手里的是一朵红色的花，和火一样红，特别漂亮。","The second son held a red flower in his hand as red as fire and especially pretty.","https://storage.googleapis.com/alley-d0944.appspot.com/Mandarin_Blueprint/LEVEL35-%E4%BA%8C%E5%84%BF%E5%AD%90%E6%89%8B%E9%87%8C%E7%9A%84%E6%98%AF%E4%B8%80%E6%9C%B5%E7%BA%A2%E8%89%B2%E8%8A%B1-%E7%94%B7.mp3","https://storage.googleapis.com/alley-d0944.appspot.com/Mandarin_Blueprint/LEVEL35-%E4%BA%8C%E5%84%BF%E5%AD%90%E6%89%8B%E9%87%8C%E7%9A%84%E6%98%AF%E4%B8%80%E6%9C%B5%E7%BA%A2%E8%89%B2%E8%8A%B1-%E5%A5%B3.mp3","二儿子手里的是一朵红色的花，和火一样红，特别漂亮。
The second son held a red flower in his hand as red as fire and especially pretty.

1. red

‎

朵 duǒ - measure word for flowers and clouds

‎

    


Characters: 色


红
"
"他的眼睛是黑色的。","His eyes are black.","https://storage.googleapis.com/alley-d0944.appspot.com/Mandarin_Blueprint/LEVEL35-%E4%BB%96%E7%9A%84%E7%9C%BC%E7%9D%9B%E6%98%AF%E9%BB%91%E8%89%B2%E7%9A%84-%E7%94%B7.mp3","https://storage.googleapis.com/alley-d0944.appspot.com/Mandarin_Blueprint/LEVEL35-%E4%BB%96%E7%9A%84%E7%9C%BC%E7%9D%9B%E6%98%AF%E9%BB%91%E8%89%B2%E7%9A%84-%E5%A5%B3.mp3","他的眼睛是黑色的。
His eyes are black.

1. black

‎

眼睛 yǎnjing - eye

‎

    


Characters: 黑


色
"
"这辆车不是我的，而是他的。","This car isn't mine, but his.","https://storage.googleapis.com/alley-d0944.appspot.com/Mandarin_Blueprint/LEVEL35-%E8%BF%99%E8%BE%86%E8%BD%A6%E4%B8%8D%E6%98%AF%E6%88%91%E7%9A%84%EF%BC%8C%E8%80%8C%E6%98%AF%E4%BB%96%E7%9A%84-%E7%94%B7.mp3","https://storage.googleapis.com/alley-d0944.appspot.com/Mandarin_Blueprint/LEVEL35-%E8%BF%99%E8%BE%86%E8%BD%A6%E4%B8%8D%E6%98%AF%E6%88%91%E7%9A%84%EF%BC%8C%E8%80%8C%E6%98%AF%E4%BB%96%E7%9A%84-%E5%A5%B3.mp3","这辆车不是我的，而是他的。
This car isn't mine, but his.

1. but instead

‎

‎

    


Characters: 是


而
"
"奶奶和以前不一样，没来开门，而是在床上说：“小红帽，奶奶生病了，起不来，你自己进来吧！门没关呢！”","Grandma, unlike before, didn’t come to open the door; instead, she said from the bed: “Little Red Riding Hood, I’m sick and can’t get up. Come in yourself! The door isn’t closed!”","https://storage.googleapis.com/alley-d0944.appspot.com/Mandarin_Blueprint/LEVEL35-%E5%A5%B6%E5%A5%B6%E5%92%8C%E4%BB%A5%E5%89%8D%E4%B8%8D%E4%B8%80%E6%A0%B7%EF%BC%8C%E6%B2%A1%E6%9D%A5%E5%BC%80%E9%97%A8-%E7%94%B7.mp3","https://storage.googleapis.com/alley-d0944.appspot.com/Mandarin_Blueprint/LEVEL35-%E5%A5%B6%E5%A5%B6%E5%92%8C%E4%BB%A5%E5%89%8D%E4%B8%8D%E4%B8%80%E6%A0%B7%EF%BC%8C%E6%B2%A1%E6%9D%A5%E5%BC%80%E9%97%A8-%E5%A5%B3.mp3","奶奶和以前不一样，没来开门，而是在床上说：“小红帽，奶奶生病了，起不来，你自己进来吧！门没关呢！”
Grandma, unlike before, didn’t come to open the door; instead, she said from the bed: “Little Red Riding Hood, I’m sick and can’t get up. Come in yourself! The door isn’t closed!”

1. but instead

‎

生病 shēngbìng - ill    小红帽 xiǎohóngmào - little red riding hood

‎










Characters: 是


而
"
"猎人没有一刀杀了狼，而是把狼的肚子切开，把奶奶从里面救了出来，然后又放了很多石头进去。","The hunter didn’t kill the wolf with one cut; instead, he cut open the wolf’s belly, rescued Grandma from inside, and then put a lot of stones in.","https://storage.googleapis.com/alley-d0944.appspot.com/Mandarin_Blueprint/LEVEL35-%E7%8C%8E%E4%BA%BA%E6%B2%A1%E6%9C%89%E4%B8%80%E5%88%80%E6%9D%80%E4%BA%86%E7%8B%BC%EF%BC%8C%E8%80%8C%E6%98%AF%E6%8A%8A%E7%8B%BC%E7%9A%84%E8%82%9A%E5%AD%90%E5%88%87%E5%BC%80-%E7%94%B7.mp3","https://storage.googleapis.com/alley-d0944.appspot.com/Mandarin_Blueprint/LEVEL35-%E7%8C%8E%E4%BA%BA%E6%B2%A1%E6%9C%89%E4%B8%80%E5%88%80%E6%9D%80%E4%BA%86%E7%8B%BC%EF%BC%8C%E8%80%8C%E6%98%AF%E6%8A%8A%E7%8B%BC%E7%9A%84%E8%82%9A%E5%AD%90%E5%88%87%E5%BC%80-%E5%A5%B3.mp3","猎人没有一刀杀了狼，而是把狼的肚子切开，把奶奶从里面救了出来，然后又放了很多石头进去。
The hunter didn’t kill the wolf with one cut; instead, he cut open the wolf’s belly, rescued Grandma from inside, and then put a lot of stones in.

1. but instead

‎

猎人 lièrén - hunter  狼 láng - wolf

‎

    


Characters: 是


而
"
"他的房间很乱，需要收拾。","His room is very messy and needs tidying.","https://storage.googleapis.com/alley-d0944.appspot.com/Mandarin_Blueprint/LEVEL35-%E4%BB%96%E7%9A%84%E6%88%BF%E9%97%B4%E5%BE%88%E4%B9%B1%EF%BC%8C%E9%9C%80%E8%A6%81%E6%94%B6%E6%8B%BE-%E7%94%B7.mp3","https://storage.googleapis.com/alley-d0944.appspot.com/Mandarin_Blueprint/LEVEL35-%E4%BB%96%E7%9A%84%E6%88%BF%E9%97%B4%E5%BE%88%E4%B9%B1%EF%BC%8C%E9%9C%80%E8%A6%81%E6%94%B6%E6%8B%BE-%E5%A5%B3.mp3","他的房间很乱，需要收拾。
His room is very messy and needs tidying.

1. to need

‎

收拾 shōushi - to tidy up

‎

    


Characters: 需


要
"
"花草和人一样，都需要时间来慢慢成长。","Flowers and plants, like humans, need time to grow slowly.","https://storage.googleapis.com/alley-d0944.appspot.com/Mandarin_Blueprint/LEVEL35-%E8%8A%B1%E8%8D%89%E5%92%8C%E4%BA%BA%E4%B8%80%E6%A0%B7%EF%BC%8C%E9%83%BD%E9%9C%80%E8%A6%81%E6%97%B6%E9%97%B4%E6%9D%A5%E6%85%A2%E6%85%A2%E6%88%90%E9%95%BF-%E7%94%B7.mp3","https://storage.googleapis.com/alley-d0944.appspot.com/Mandarin_Blueprint/LEVEL35-%E8%8A%B1%E8%8D%89%E5%92%8C%E4%BA%BA%E4%B8%80%E6%A0%B7%EF%BC%8C%E9%83%BD%E9%9C%80%E8%A6%81%E6%97%B6%E9%97%B4%E6%9D%A5%E6%85%A2%E6%85%A2%E6%88%90%E9%95%BF-%E5%A5%B3.mp3","花草和人一样，都需要时间来慢慢成长。
Flowers and plants, like humans, need time to grow slowly.

1. to need

‎

‎

    


Characters: 需


要
"